100b-fx,100base-fx
100b-t,100base-t
100b-tx,100base-tx
100bvg,100base-vg
10b-f,10base-f
10b-fb,10base-fb
10b-fl,10base-fl
10b-fp,10base-fp
10b-t,10base-t
10b2,10base-2
10b5,10base-5
1gl,first-generation programming language
1nf,first normal form
286,intel 80286 processor
2b1q,2 binary 1 quaternary
2fa,two-factor authentication
2gl,second-generation programming language
2nf,second normal form
386,intel 80386 processor
3gl,third-generation programming language
3gpp,3rd generation partnership project '3g comms
3gpp2,3rd generation partnership project 2
3nf,third normal form
486,intel 80486 processor
4b5blf,4 byte 5 byte local fiber
4gl,fourth-generation programming language
4nf,fourth normal form
5gl,fifth-generation programming language
5nf,fifth normal form
6nf,sixth normal form
802.11,wireless lan
8b10blf,8 byte 10 byte local fiber
aaa,authentication authorization accounting
aabb,axis aligned bounding box
aac,advanced audio coding
aal,atm adaptation layer
aalc,atm adaptation layer connection
aarp,appletalk address resolution protocol
abac,attribute-based access control
abcl,actor-based concurrent language
abi,application binary interface
abm,asynchronous balanced mode
abr,area border router
abr,auto baud-rate detection
abr,available bitrate
abr,average bitrate
ac,acoustic coupler
ac,alternating current
acd,automatic call distributor
ace,advanced computing environment
acid,atomicity consistency isolation durability
ack,acknowledgement
ack,amsterdam compiler kit
acl,access control list
acm,association for computing machinery
acme,automated classification of medical entities
acp,airline control program
acpi,advanced configuration and power interface
acr,allowed cell rate
acr,attenuation to crosstalk ratio
ad,active directory
ad,administrative domain
adb,apple desktop bus
adc,analog-to-digital converter
adc,analog-to-digital converter
adc,apple display connector
adccp,advanced data communications control procedures
adf,automatic document feeder
ado,activex data objects
adsl,asymmetric digital subscriber line
adsl,asymmetric digital subscriber line
adt,abstract data type
ae,adaptive equalizer
aes,advanced encryption standard
af,anisotropic filtering
afp,apple filing protocol
agp,accelerated graphics port
agp,accelerated graphics port
ah,active hub
ai,artificial intelligence
aiff,audio interchange file format
aix,advanced interactive executive
aix,advanced interactive executive
ajax,asynchronous javascript and xml
al,access list
al,active link
alac,apple lossless audio codec
algol,algorithmic language
alsa,advanced linux sound architecture
alu,arithmetic and logical unit
am,access method
am,active matrix
am,active monitor
am,allied mastercomputer
am,amplitude modulation
amd,advanced micro devices
amoled,active-matrix organic light-emitting diode
amqp,advanced message queuing protocol
amr,audio modem riser
ann,artificial neural network
ansi,american national standards institute
ansi,american national standards institute
ant,another neat tool
aoe,ata over ethernet
aop,aspect-oriented programming
apci,application-layer protocol control information
api,application program interface
api,application programming interface
apic,advanced programmable interrupt controller
apipa,automatic private ip addressing
apl,a programming language
apr,apache portable runtime
arc,adaptive replacement cache
arc,advanced risc computing
arin,american registry for internet numbers
arm,advanced risc machines
aros,aros research operating system
arp,address resolution protocol
arp,address resolution protocol
arpa,address and routing parameter area
arpa,advanced research projects agency
arpanet,advanced research projects agency network
as,access server
asap,as soon as possible
ascii,american standard code for information interchange
ascii,american standard code for information interchange
aset,automated security enhancement tool
asg,abstract semantic graph
asic,application-specific integrated circuit
asimo,advanced step in innovative mobility
aslr,address space layout randomization
asm,algorithmic state machine
asmp,asymmetric multiprocessing
asn.1,abstract syntax notation 1
asp,active server page
asp,active server pages
asp,application service provider
asp,application service provider
asr,asynchronous signal routine
ast,abstract syntax tree
at,access time
at,active terminator
at,advanced technology
ata,advanced technology attachment
ata,advanced technology attachment
atag,authoring tool accessibility guidelines
atapi,advanced technology attachment packet interface
atm,asynchronous transfer mode
atm,asynchronous transfer mode
authip,authenticated internet protocol
av,antivirus
avc,advanced video coding
avi,audio video interleaved
awfl,acronym with four letters
awk,aho weinberger kernighan
awt,abstract window toolkit
b tam,basic telecommunications access method
b2b,business-to-business
b2c,business-to-consumer
b2e,business-to-employee
bal,basic assembly language
bam,block availability map
bash,bourne-again shell
basic,beginner's all-purpose symbolic instruction code
basic,beginner's all-purpose symbolic instruction code
bbp,baseband processor
bbs,bulletin board system
bcc,blind carbon copy
bcd,binary coded decimal
bcd,boot configuration data
bcnf,boyce–codd normal form
beep,blocks extensible exchange protocol
ber,bit error rate
bfd,bidirectional forwarding detection
bfd,binary file descriptor
bfs,breadth-first search
bft,byzantine fault tolerant
bgp,border gateway protocol
bi,business intelligence
bi,business intelligence
bidi,bi-directional
bin,binary
binac,binary automatic computer
bind,berkeley internet name domain
bios,basic input output system
bios,basic input-output system
bit,binary digit
bjt,bipolar junction transistor
blob,binary large object
blob,binary large object
blog,web log
bmp,basic multilingual plane
bmp,bitmap
bnc,bayonet neill-concelman
boinc,berkeley open infrastructure for network computing
bom,byte order mark
bootp,bootstrap protocol
bpdu,bridge protocol data unit
bpel,business process execution language
bpl,broadband over power lines
bpm,business process management
bpm,business process modeling
bps,bits per second
brm,business reference model
brms,business rule management system
brr,business readiness rating
brs,broadband radio service
bsa,business software alliance
bsb,backside bus
bsd,berkeley software distribution
bsod,blue screen of death
bss,block started by symbol
bt,bittorrent
bt,bluetooth
bw,bandwidth
byod,bring your own device
byte,by eight (group of 8 bits)
ca,computer acountancy
cad,computer-aided design
cad,computer-aided design
cae,computer-aided engineering
cai,computer-aided instruction
caid,computer-aided industrial design
cam,computer-aided manufacturing
captcha,completely automated public turing test to tell computers and humans apart
caq,computer-aided quality assurance
case,computer-aided software engineering
cat,computer-aided translation
cc,c compiler
cc,carbon copy
ccd,charged coupled device
cd,compact disc
cd,compact disc
cd-r,cd-recordable
cd-r,compact disc recordable
cd-rom,cd read-only memory
cd-rom,compact disc read-only memory
cd-rw,cd-rewritable
cd-rw,compact disc re-writable
cde,common desktop environment
cdfs,compact disk file system
cdma,code division multiple access
cdma,code division multiple access
cdn,content delivery network
cdp,cisco discovery protocol
cdp,continuous data protection
cdsa,common data security architecture
cert,computer emergency response team
ces,consumer electronics show
cf,compact flash
cfd,computational fluid dynamics
cfg,context-free grammar
cfg,control flow graph
cg,computer graphics
cga,color graphics array
cgi,common gateway interface
cgi,common gateway interface
cgi,computer-generated imagery
cgt,computational graph theory
chap,challenge-handshake authentication protocol
chs,cylinder-head-sector
cidr,classless inter-domain routing
cifs,common internet filesystem
cim,common information model
cim,computationally independent model
cio,chief information officer
cir,committed information rate
cisc,complex instruction set computer
cisc,complex instruction set computing
cjk,chinese japanese and korean
cjkv,chinese japanese korean and vietnamese
cli,command line interface
clr,common language runtime
cm,configuration management
cm,content management
cmdb,configuration management database
cmmi,capability maturity model integration
cmo,current mode of operation
cmos,complementary metal oxide semiconductor
cmos,complementary metal-oxide semiconductor
cms,content management system
cmyk,cyan magenta yellow black
cn,canonical name
cn,common name
cnc,computer numerical control
cng,cryptographic next generation
cng,cryptography next generation
cnr,communications and networking riser
cobol,common business-oriented language
com,component object model or communication
corba,common object request broker architecture
cots,commercial off-the-shelf
cp/m,control program/monitor
cpa,cell processor architecture
cpa,cost per action
cpan,comprehensive perl archive network
cpc,cost per click
cpl,cost per lead
cpm,cost per 1000 impressions
cpri,common public radio interface
cps,characters per second
cps,classroom performance system
cpu,central processing unit
cpu,central processing unit
cpu,central processing unit
cr,carriage return
cran,comprehensive r archive network
crc,cyclic redundancy check
crlf,carriage return line feeds
crm,customer relationship management
crm,customer relationship management
crs,computer reservations system
crt,cathode ray tube
crt,cathode ray tube
crud,create read update and delete
cs,cable select
cs,computer science
cse,computer science and engineering
csi,common system interface
csm,compatibility support module
csma/cd,carrier sense multiple access with collision detection
csp,cloud service provider
csp,communicating sequential processes
csrf,cross-site request forgery
css,cascading style sheet
css,cascading style sheets
css,closed source software
css,content-scrambling system
css,cross-site scripting
csv,comma-separated values
ct,computerized tomography
ctan,comprehensive tex archive network
ctcp,client-to-client protocol
ctfe,compile time function execution
cti,computer telephony integration
ctl,computational tree logic
ctm,close to metal
ctp,composite theoretical performance
ctr,click-through rate
cts,clear to send
ctss,compatible time-sharing system
cua,common user access
cvs,concurrent versioning system
dac,digital-to-analog converter
dac,digital-to-analog converter
dac,discretionary access control
dal,database abstraction layer
dao,data access object
dao,data access objects
dao,disk-at-once
dap,directory access protocol
darpa,defense advanced research projects agency
dat,digital audio tape
db,database
dba,database administrator
dbcs,double byte character set
dbms,database management system
dbms,database management system
dcc,direct client-to-client
dcca,debian common core alliance
dccp,datagram congestion control protocol
dcl,data control language
dcmi,dublin core metadata initiative
dcom,distributed component object model
dcs,distributed control system
dd,double density
dde,dynamic data exchange
ddi,dns dhcp & ip address management
ddl,data definition language
ddos,distributed denial of service
ddr,double data rate
ddr,double data rate
ddr2,double data rate 2
ddr3,double data rate type 3
dec,digital equipment corporation
des,data encryption standard
dev,development
dfa,deterministic finite automaton
dfd,data flow diagram
dfs,depth-first search
dfs,distributed file system
dgd,dworkin's game driver
dhcp,dynamic host configuration protocol
dhcp,dynamic host configuration protocol
dhtml,dynamic hypertext markup language
dif,data integrity field
dimm,dual in-line memory module
dimm,dual inline memory module
din,deutsches institut für normung
dip,dual in-line package
dism,deployment image and service management tool
divx,digital video express
dkim,domain keys identified mail
dl,download
dll,dynamic link library
dll,dynamic link library
dlna,digital living network alliance
dlp,data loss protection
dma,direct memory access
dma,direct memory access
dmca,digital millennium copyright act
dmi,direct media interface
dml,data manipulation language
dml,definitive media library
dmr,dennis m. ritchie
dmz,demilitarized zone
dn,distinguished name
dnd,drag-and-drop
dns,domain name system
dns,domain name system
doa,dead on arrival
docsis,data over cable service interface specification
dom,document object model
dos,denial of service
dos,denial of service
dos,disk operating system
dos,disk operating system
dp,dot pitch
dpc,deferred procedure call
dpi,deep packet inspection
dpi,dots per inch
dpi,dots per inch
dpmi,dos protected mode interface
dpms,display power management signaling
dr,disaster recovery
dr-dos,digital research - disk operating system
dram,dynamic random access memory
dram,dynamic random-access memory
dri,direct rendering infrastructure
drm,digital rights management
drm,digital rights management
drm,direct rendering manager
dsa,digital signature algorithm
dsdl,document schema definition languages
dsdm,dynamic systems development method
dsl,digital subscriber line
dsl,digital subscriber line
dsl,domain-specific language
dslam,digital subscriber line access multiplexer
dslam,digital subscriber line access multiplexer
dsn,data set name
dsn,database source name
dsp,digital signal processor
dsssl,document style semantics and specification language
dtd,document type definition
dtd,document type definition
dte,data terminal equipment or data transfer rate
dtp,desktop publishing
dtr,data terminal ready or data transfer rate
dv,digital video
dv,digital video
dvd+r,digital versatile disc recordable
dvd+rw,digital versatile disk rewritable
dvd,digital versatile disc
dvd,digital versatile disc
dvd-r,digital versatile disc recordable
dvd-r,dvd-recordable
dvd-ram,digital versatile disc random access memory
dvd-rom,dvd-read only memory
dvd-rw,digital versatile disk rewritable
dvd-rw,dvd-rewritable
dvdr,digital versatile disc recordable
dvdram,digital versatile disc random access memory
dvdrw,digital versatile disk rewritable
dvi,digital video interface
dvi,digital visual interface
dvr,digital video recorder
dvr,digital video recorder
dw,data warehouse
e-mail,electronic mail
eai,enterprise application integration
eap,extensible authentication protocol
eas,exchange activesync
ebcdic,extended binary coded decimal interchange code
ebml,extensible binary meta language
ecc,elliptic curve cryptography
ecc,error correction code
ecma,european computer manufacturers association
ecn,explicit congestion notification
ecos,embedded configurable operating system
ecrs,expense and cost recovery system
eda,electronic design automation
edge,enhanced data rates for gsm evolution
edi,electronic data interchange
edi,electronic data interchange
edo,extended data out
edsac,electronic delay storage automatic calculator
edvac,electronic discrete variable automatic computer
eeprom,electronically erasable programmable read-only memory
eff,electronic frontier foundation
efi,extensible firmware interface
efm,eight-to-fourteen modulation
efm,ethernet in the first mile
efs,encrypting file system
ega,enhanced graphics array
egp,exterior gateway protocol
eid,electronic id card
eide,enhanced ide
eide,enhanced integrated drive electronics
eigrp,enhanced interior gateway routing protocol
eisa,extended industry standard architecture
elf,executable and linkable format
elf,extremely low frequency
elm,electronic mail
elt,extract-load-transform
emacs,editor macros
ems,expanded memory specification
eniac,electronic numerical integrator and computer
eod,end of day
eof,end of file
eol,end of line
eom,end of message
eos,end of support
epic,explicitly parallel instruction computing
eprom,erasable programmable read-only memory
eps,encapsulated postscript
erd,entity-relationship diagram
erm,entity-relationship model
erp,enterprise resource planning
esata,external sata
esb,enterprise service bus
escon,enterprise systems connection
esd,electrostatic discharge
esr,eric steven raymond
etl,extract transform load
etw,event tracing for windows
euc,extended unix code
eula,end user license agreement
eup,enterprise unified process
ewmh,extended window manager hints
ext,extended file system
fap,fortran assembly program
faq,frequently asked questions
faq,frequently asked questions
faq,frequently asked questions
fasm,flat assembler
fat,file allocation table
fbdimm,fully buffered dual inline memory module
fc-al,fibre channel arbitrated loop
fcb,file control block
fcs,frame check sequence
fdc,floppy disk controller
fdd,floppy disk drive
fdd,frequency-division duplexing
fddi,fiber distributed data interface
fdm,frequency-division multiplexing
fdma,frequency-division multiple access
fds,fedora directory server
fec,forward error correction
femb,front-end motherboard
fet,field effect transistor
fhs,filesystem hierarchy standard
ficon,fiber connectivity
fifo,first in first out
fifo,first in first out
fios,fiber optic service
fips,federal information processing standards
fl,function level
flac,free lossless audio codec
flops,floating point operations per second
flops,floating-point operations per second
floss,free/libre/open source software
fmc,fixed mobile convergence mobile uc or unified communications over wireless
fmo,future mode of operation
foldoc,free on-line dictionary of computing
fosdem,free and open source software developers' european meeting
fosi,formatted output specification instance
foss,free and open source software
fp,function programming
fpga,field programmable gate array
fps,floating point systems
fpu,floating point unit
fpu,floating point unit
fqdn,fully qualified domain name
fru,field replaceable unit
fs,file system
fsb,front side bus
fsb,front side bus
fsb,frontside bus
fsck,file system check
fsf,free software foundation
fsm,finite state machine
ftp,file transfer protocol
ftp,file transfer protocol
ftta,fiber to the antenna
fttc,fiber to the curb
ftth,fiber to the home
fttp,fiber to the premises
fud,fear uncertainty doubt
fvek,full volume encryption key
fws,folding white space
fxp,file exchange protocol
fyi,for your information
g11n,globalization
gas,gnu assembler
gb,gigabit
gb,gigabyte
gcc,gnu compiler collection
gcj,gnu compiler for java
gcr,group coded recording
gdb,gnu debugger
gdi,graphics device interface
geran,gsm edge radio access network
gfdl,gnu free documentation license
gif,graphics interchange format
gigo,garbage in garbage out
gimp,gnu image manipulation program
gimps,great internet mersenne prime search
gis,geographic information system
gis,geographic information systems
glut,opengl utility toolkit
gml,geography markup language
gnome,gnu network object model environment
gnu,gnu's not unix
goms,goals operators methods and selection rules
gpasm,gnu pic assembler
gpfs,general parallel file system
gpg,gnu privacy guard
gpgpu,general-purpose computing on graphics processing units
gpib,general-purpose instrumentation bus
gpl,general public license
gpl,general-purpose language
gprs,general packet radio service
gps,global positioning system
gpt,guid partition table
gpu,graphics processing unit
gpu,graphics processing unit
grub,grand unified boot-loader
gsm,global system for mobile communications
gtk+,gimp toolkit
gui,graphical user interface
gui,graphical user interface
guid,globally unique identifier
guid,globally unique identifier
gwt,google web toolkit
gyr,it networking
ha,high availability
hal,hardware abstraction layer
hasp,houston automatic spooling priority
hba,host bus adapter
hci,human computer interaction
hcl,hardware compatibility list
hd dvd,high definition dvd
hd,high density
hdd,hard disk drive
hdd,hard disk drive
hdl,hardware description language
hdmi,high-definition multimedia interface
hdmi,high-definition multimedia interface
hdtv,high-definition television
hdv,high-definition video
heci,host embedded controller interface
hf,high frequency
hfs,hierarchical file system
hfs,hierarchical file system
hhd,hybrid hard drive
hid,human interface device
hig,human interface guidelines
hird,hurd of interfaces representing depth
hlasm,high level assembler
hls,http live streaming
hma,high memory area
hp,hewlett-packard
hpc,high-performance computing
hpfs,high performance file system
hsdpa,high-speed downlink packet access
hsf,heat sink and fan
hsm,hierarchical storage management
ht,hyper threading
htc,high-throughput computing
htm,hierarchical temporal memory
html,hypertext markup language
http,hypertext transfer protocol
httpd,hypertext transport protocol daemon
https,http secure
https,hypertext transport protocol secure
htx,hypertransport expansion
hurd,hird of unix-replacing daemons
hvd,holographic versatile disc
hz,hertz
i²c,inter-integrated circuit
i²s,integrated interchip sound
i/f,interface
i/o,input/output
i/o,input/output
i18n,internationalization
iana,internet assigned numbers authority
ibcs,intel binary compatibility standard
ibm,international business machines
ic,integrated circuit
icann,internet corporation for assigned names and numbers
ice,in-circuit emulator
ice,intrusion countermeasure electronics
icf,internet connection firewall
ich,i/o controller hub
icmp,internet control message protocol
icmp,internet control message protocol
icp,internet cache protocol
ics,internet connection sharing
ics,internet connection sharing
ict,information and communication technology
ide,integrated development environment
ide,integrated development environment
ide,integrated device electronics
ide,integrated drive electronics
idf,intermediate data format
idf,intermediate distribution frame
idl,interactive data language
idl,interface definition language
ids,intrusion detection system
ie,internet explorer
iec,international electrotechnical commission
ieee,institute of electrical and electronics engineers
ietf,internet engineering task force
ifl,integrated facility for linux
igmp,internet group management protocol
igp,integrated graphics processor
igrp,interior gateway routing protocol
ihv,independent hardware vendor
iiop,internet inter-orb protocol
iis,internet information services
ike,internet key exchange
il,intermediate language
im,instant message
im,instant messaging
imap,internet message access protocol
ime,input method editor
infosec,information systems security
internic,internet network information center
io,input/output
iot,internet of things
ip,intellectual property
ip,internet protocol
ip,internet protocol
ipam,ip address management
ipc,inter-process communication
ipl,initial program load
ipmi,intelligent platform management interface
ipo,inter procedural optimization
ipp,internet printing protocol
ips,in-plane switching
ips,instructions per second
ips,intrusion prevention system
ipsec,internet protocol security
iptv,internet protocol television
ipv4,internet protocol version 4
ipv6,internet protocol version 6
ipx,internetwork packet exchange
ipx,internetwork packet exchange
ir,intermediate representation
irc,internet relay chat
irc,internet relay chat
irda,infrared data association
iri,internationalized resource identifier
irp,i/o request packet
irq,interrupt request
irq,interrupt request
irq,interrupt request
is,information systems
is-is,intermediate system to intermediate system
isa,industry standard architecture
isa,industry standard architecture
isa,industry standard architecture
isa,instruction set architecture
isam,indexed sequential access method
isatap,intra-site automatic tunnel addressing protocol
isc,internet storm center
iscsi,internet small computer system interface
iscsi,internet small computer systems interface
isdn,integrated services digital network
isdn,integrated services digital network
isns,internet storage name service
iso,international organization for standardization
iso,international organization for standardization
isp,internet service provider
isp,internet service provider
ispf,interactive system productivity facility
isr,interrupt service routine
isv,independent software vendor
it,information technology
it,information technology
itil,information technology infrastructure library
itl,interval temporal logic
itu,international telecommunication union
ivcr,interactive virtual classroom
ivr,interactive voice response
ivrs,interactive voice response system
j2ee,java 2 enterprise edition
j2me,java 2 micro edition
j2se,java 2 standard edition
jax-rpc,java xml for remote procedure calls
jaxb,java architecture for xml binding
jaxp,java api for xml processing
jbod,just a bunch of disks
jce,java cryptography extension
jcl,job control language
jcp,java community process
jdbc,java database connectivity
jdk,java development kit
jds,java desktop system
jee,java enterprise edition
jes,job entry subsystem
jfc,java foundation classes
jfet,junction field-effect transistor
jfs,ibm journaling file system
jini,jini is not initials
jit,just-in-time
jme,java micro edition
jms,java message service
jmx,java management extensions
jndi,java naming and directory interface
jni,java native interface
jnz,jump non-zero
jpeg,joint photographic experts group
jpeg,joint photographic experts group
jre,java runtime environment
jre,java runtime environment
js,javascript
jse,java standard edition
json,javascript object notation
jsp,jackson structured programming
jsp,java server page
jsp,javaserver pages
jtag,joint test action group
jug,java users group
jvm,java virtual machine
k&r,kernighan and ritchie
kb,keyboard
kb,kilobit
kb,kilobyte
kb,knowledge base
kbps,kilobits per second
kde,k desktop environment
kde,k desktop environment
khz,kilohertz
kib,kibibyte
km,knowledge machine
krl,knowledge representation language
kvm,keyboard video mouse
kvm,switch keyboard video and mouse switch
l10n,localization
l2tp,layer two tunneling protocol
lacp,link aggregation control protocol
lamp,linux apache mysql perl
lamp,linux apache mysql php
lamp,linux apache mysql python
lan,local area network
lan,local area network
lan,local area network
lb,load balancer
lba,logical block addressing
lcd,liquid crystal display
lcd,liquid crystal display
lcos,liquid crystal on silicon
lcr,least cost routing
ldap,lightweight directory access protocol
ldap,lightweight directory access protocol
le,logical extents
led,light-emitting diode
led,light-emitting diode
lf,line feed
lf,low frequency
lfs,linux from scratch
lga,land grid array
lgpl,lesser general public license
lib,library
lif,low insertion force
lifo,last in first out
lifo,last in first out
lilo,linux loader
lisp,list processing
lkml,linux kernel mailing list
lm,lan manager
loc,lines of code
lpc,lars pensjö c
lpi,lines per inch
lpi,linux professional institute
lpt,line print terminal
lru,least recently used
lsb,least significant bit
lsb,linux standard base
lsi,large-scale integration
lte,long term evolution
ltl,linear temporal logic
ltr,left-to-right
lug,linux user group
lun,logical unit number
lun,logical unit number
lv,logical volume
lvd,low voltage differential
lvm,logical volume management
lzw,lempel-ziv-welch
mac address,media access control address
mac,mandatory access control
mac,media access control
man,metropolitan area network
manet,mobile ad hoc network
manet,mobile ad-hoc network
mapi,messaging application programming interface
mb,megabit
mb,megabyte
mbcs,multi byte character set
mbd,model-based design
mbps,megabits per second
mbr,master boot record
mbr,master boot record
mca,micro channel architecture
mca,micro channel architecture
mca,microsoft certified architect
mcad,microsoft certified application developer
mcas,microsoft certified application specialist
mcdba,microsoft certified database administrator
mcdst,microsoft certified desktop support technician
mcitp,microsoft certified information technology professional
mcm,microsoft certified master
mcp,microsoft certified professional
mcpc,multiple channels per carrier
mcpd,microsoft certified professional developer
mcsa,microsoft certified systems administrator
mcsd,microsoft certified solution developer
mcse,microsoft certified systems engineer
mct,microsoft certified trainer
mcts,microsoft certified technology specialist
mda,mail delivery agent
mda,model-driven architecture
mda,monochrome display adapter
mdd/mdsd,model-driven (software) development
mdf,main distribution frame
mdi,multiple document interface
me,[windows] millennium edition
me,microsoft edge
mf,medium frequency
mfc,microsoft foundation classes
mfm,modified frequency modulation
mgcp,media gateway control protocol
mhz,megahertz
mib,management information base
micr,magnetic ink character recognition
midi,musical instrument digital interface
midi,musical instrument digital interface
mimd,multiple instruction multiple data
mime,multipurpose internet mail extensions
mimo,multiple-input multiple-output
minix,mini-unix
mips,microprocessor without interlocked pipeline stages
mips,million instructions per second
mips,million instructions per second
mis,management information systems
misd,multiple instruction single data
mit,massachusetts institute of technology
mmc,microsoft management console
mmds,mortality medical data system
mmds,multichannel multipoint distribution service
mmf,multi-mode (optical) fiber
mmi,man machine interface.
mmio,memory-mapped i/o
mmorpg,massively multiplayer online role-playing game
mmu,memory management unit
mmx,multi-media extensions
mng,multiple-image network graphics
mobo,motherboard
mom,message-oriented middleware
moo,mud object oriented
mop,meta-object protocol
mos,microsoft office specialist
mosfet,metal-oxide semiconductor field effect transistor
motd,message of the day
mous,microsoft office user specialist
mov,apple quicktime multimedia file
mp3,mpeg-1 audio layer-3
mpaa,motion picture association of america
mpeg,motion pictures experts group
mpeg,moving picture experts group; video format
mpl,mozilla public license
mpls,multiprotocol label switching
mpu,microprocessor unit
ms,memory stick
ms,microsoft
ms-dos,microsoft dos
msa,mail submission agent
msb,most significant bit
msdn,microsoft developer network
msi,medium-scale integration
msi,message signaled interrupt
msi,microsoft installer
msn,microsoft network
mt,machine translation
mta,mail transfer agent
mta,microsoft technology associate
mtbf,mean time between failures
mtu,maximum transmission unit
mtu,maximum transmission unit
mua,mail user agent
mud,multi-user dungeon
mvc,model-view-controller
mvp,most valuable professional
mvs,multiple virtual storage
mwc,mobile world congress
mx,mail exchange
mxf,material exchange format
nack,negative acknowledgement
nak,negative acknowledge character
nan,not a number
nap,network access protection
nas,network-attached storage
nasm,netwide assembler
nat,network address translation
nat,network address translation
ncp,netware core protocol
ncq,native command queuing
ncsa,national center for supercomputing applications
ndis,network driver interface specification
ndps,novell distributed print services
nds,novell directory services
nep,network equipment provider
netbios,network basic input/output system
netbios,network basic input/output system
netbt,netbios over tcp/ip
next,near-end crosstalk
nfa,nondeterministic finite automaton
nfc,near field communication
nfs,network file system
ngl,angel
ngscb,next-generation secure computing base
ni,national instruments
nic,network interface card
nic,network interface controller
nim,no internal message
nio,new i/o
nist,national institute of standards and technology
nlp,natural language processing
nls,native language support
nmi,non-maskable interrupt
nntp,network news transfer protocol
nntp,network news transfer protocol
noc,network operations center
noc,network operations center
nop,no operation
nos,network operating system
np,nondeterministic polynomial time
npl,netscape public license
nptl,native posix thread library
npu,network processing unit
ns,netscape
nsa,network security appliance
nsi,network service interface
nspr,netscape portable runtime
nss,name service switch
nss,network security services
nss,novell storage service
nt,new technology
ntfs,new technology file system
ntfs,nt filesystem
ntlm,nt lan manager
ntp,network time protocol
numa,non-uniform memory access
nurbs,non-uniform rational b-spline
nvr,network video recorder
nvram,non-volatile random access memory
nvram,non-volatile random access memory
oasis,organization for the advancement of structured information standards
oasis,organization for the advancement of structured information standards
oat,operational acceptance testing
obsai,open base station architecture initiative
ocr,optical character recognition
odbc,open database connectivity
odbc,open database connectivity
oem,original equipment manufacturer
oem,original equipment manufacturer
oes,open enterprise server
ofdm,orthogonal frequency division multiplexing
oftc,open and free technology community
oid,object identifier
olap,online analytical processing
olap,online analytical processing
ole,object linking and embedding
ole,object linking and embedding
oled,organic light emitting diode
olpc,one laptop per child
oltp,online transaction processing
omf,object module format
omg,object management group
omr,optical mark reader
oo,object-oriented
oo,openoffice
ooe,out-of-order execution
oom,out of memory
ooo,openoffice.org
oooe,out-of-order execution
oop,object-oriented programming
oop,object-oriented programming
ootb,out of the box
opml,outline processor markup language
orb,object request broker
orm,object-relational mapping
os,open source
os,operating system
oscon,o'reilly open source convention
osd,on screen display
osdn,open source development network
osi,open source initiative
osi,open systems interconnection
ospf,open shortest path first
oss,open sound system
oss,open-source software
oss,operations support system
ostg,open source technology group
oui,organisationally unique identifier
p2p,peer to peer
p2p,peer-to-peer
paas,platform as a service
pan,personal area network
pap,password authentication protocol
parc,palo alto research center
pata,parallel ata
pbs,portable batch system
pc dos,personal computer disc operating system
pc,personal computer
pcb,printed circuit board
pcb,process control block
pci,peripheral component interconnect
pci-x,peripheral component interconnect extended
pcie,pci express
pcie,peripheral component interconnect express
pcl,printer command language
pcm,pulse-code modulation
pcmcia,personal computer memory card international association
pcre,perl compatible regular expressions
pd,public domain
pda,personal digital assistant
pdf,portable document format
pdh,plesiochronous digital hierarchy
pdp,programmed data processor
pe,physical extents
perl,practical extraction and reporting language
pfa,please find attachment
pg,peripheral gateway
pga,pin grid array
pga,programmable gate array
pgo,profile-guided optimization
pgp,pretty good privacy
php,hypertext preprocessor
pic,peripheral interface controller
pic,programmable interrupt controller
pid,process id
pid,proportional-integral-derivative
pim,personal information manager
pim,platform independent model
pine,program for internet news and email
pio,programmed input/output
pkcs,public key cryptography standards
pki,public key infrastructure
pl/i,programming language one
pl/m,programming language for microcomputers
pl/p,programming language for prime
plc,power line communication
plc,programmable logic controller
pld,programmable logic device
plt,power line telecommunications
pmm,post memory manager
pmu,power management unit
png,portable network graphic
png,portable network graphics
pnp,plug-and-play
pnrp,peer name resolution protocol
poe,power over ethernet
poid,persistent object identifier
pojo,plain old java object
pop,point of presence
pop3,post office protocol
pop3,post office protocol v3
posix,portable operating system interface formerly ieee-ix
post,power-on self test
ppc,pay per click
ppc,powerpc
ppga,plastic pin grid array
ppi,pixels per inch
ppi,pixels per inch
ppl,pay per lead
ppm,pages per minute
ppp,point to point protocol
ppp,point-to-point protocol
pppoa,ppp over atm
pppoe,ppp over ethernet
pptp,point-to-point tunneling protocol
pptp,point-to-point tunneling protocol
pr,pull request
pram,parameter random access memory
prom,programmable read-only memory
ps,postscript
ps/2,personal system/2
ps/2,personal system/2
psa,professional services automation
psm,platform specific model
psu,power supply unit
psvi,post-schema-validation infoset
pts-dos,phystechsoft - disk operating system
pv,physical volume
pvg,physical volume group
pvr,personal video recorder
pxe,preboot execution environment
pxi,pci extensions for instrumentation
qa,quality assurance
qbe,query by example
qdr,quad data rate
qfp,quad flat package
qos,quality of service
qotd,quote of the day
qsop,quarter small outline package
qt,quasar toolkit
qtam,queued teleprocessing access method
qwave,quality windows audio/video experience
racf,resource access control facility
rad,rapid application development
radius,remote authentication dial in user service
raid,redundant array of independent disks
raid,redundant array of independent disks
raii,resource acquisition is initialization
rait,redundant array of inexpensive tapes
ram,random access memory
ram,random-access memory
rarp,reverse address resolution protocol
ras,reliability availability and serviceability
ras,remote access service
rc,region code
rc,release candidate
rc,run commands
rcs,revision control system
rd,remote desktop
rd,remove directory
rdbms,relational database management system
rdc,remote desktop connection
rdf,resource description framework
rdf,resource description framework
rdm,relational data model
rdos,real-time disk operating system
rdp,remote desktop protocol
rdram,rambus dynamic random access memory
rds,remote data services
refal,recursive functions algorithmic language
regex,regular expression
regexp,regular expression
rest,representational state transfer
rf,radio frequency
rfc,request for comments
rfi,radio frequency interference
rfid,radio frequency identification
rgb,red green blue
rgb,red green blue
rgba,red green blue alpha
rhel,red hat enterprise linux
rhl,red hat linux
ria,rich internet application
riaa,recording industry association of america
rip,raster image processor
rip,routing information protocol
rir,regional internet registry
risc os,reduced instruction set computer operating system
risc,reduced instruction set computer
risc,reduced instruction set computing
rje,remote job entry
rle,run-length encoding
rll,run-length limited
rmdir,remove directory
rmi,remote method invocation
rms,richard matthew stallman
rom,read only memory
rom,read-only memory
rom-dos,read only memory - disk operating system
romb,read-out motherboard
rpc,remote procedure call
rpc,remote procedure call
rpg,report program generator
rpm,revenue per 1000 impressions
rpm,rpm package manager
rras,routing and remote access service
rsa,rivest shamir adleman
rsi,repetitive strain injury
rss,radio service software
rss,rdf site summary
rss,rich site summary rdf site summary or really simple syndication
rtai,real-time application interface
rtc,real-time clock
rte,real-time enterprise
rte,runtime environment
rtems,real-time executive for multiprocessor systems
rtf,rich text fomat
rtl,right-to-left
rtos,real-time operating system
rtp,real-time transport protocol
rts,ready to send
rtsp,real time streaming protocol
rtti,run-time type information
rup,rational unified process
rwd,responsive web design
s/mime,secure/multipurpose internet mail extensions
saas,software as a service
sam,security account manager
san,storage area network
san,storage area network
sas,serial attached scsi
sata,serial advanced technology attachment
sata,serial ata
sax,simple api for xml
sbin,superuser binary
sbod,spinning beachball of death
sbp-2,serial bus protocol 2
sbs,small business server
sbu,standard build unit
scada,supervisory control and data acquisition
scid,source code in database
scm,software configuration management
scm,source code management
scp,secure copy
scpc,single channel per carrier
scpi,standard commands for programmable instrumentation
scsa,secure content storage association
scsi,small computer system interface
sctp,stream control transmission protocol
sd,secure digital
sd,secure digital
sddl,security descriptor definition language
sdh,synchronous digital hierarchy
sdi,single document interface
sdio,secure digital input output
sdk,software development kit
sdl,simple directmedia layer
sdn,service delivery network
sdp,session description protocol
sdr,software-defined radio
sdram,synchronous dynamic random access memory
sdram,synchronous dynamic random access memory
sdsl,symmetric digital subscriber line
sdsl,symmetric dsl
se,single ended
sec,single edge contact
sei,software engineering institute
sem,search engine marketing
seo,search engine optimization
seo,search engine optimization
sftp,secure ftp
sftp,simple file transfer protocol
sftp,ssh file transfer protocol
sgi,silicon graphics incorporated
sgml,standard generalized markup language
sgr,select graphic rendition
sha,secure hash algorithm
shdsl,single-pair high-speed digital subscriber line
sigcat,special interest group on cd-rom applications and technology
siggraph,special interest group on graphics
simd,single instruction multiple data
simm,single in-line memory module
simm,single inline memory module
sip,session initiation protocol
sip,supplementary ideographic plane
sisd,single instruction single data
siso,single-input and single-output
sku,stock keeping unit
sled,suse linux enterprise desktop
sles,suse linux enterprise server
sli,scalable link interface
sli,scalable link interface
slip,serial line internet protocol
slm,service level management
sloc,source lines of code
sma,subminiature version a
smart,self-monitoring analysis and reporting technology
smb,server message block
smb,server message block
smbios,system management bios
sme,subject matter expert
smf,single-mode (optical) fiber
smil,synchronized multimedia integration language
smp,supplementary multilingual plane
smp,symmetric multi-processing
smps,switch mode power supply
sms,short message service
sms,system management server
smt,simultaneous multithreading
smtp,simple mail transfer protocol
sna,systems network architecture
snmp,simple network management protocol
sntp,simple network time protocol
so-dimm,small outline dimm
so-dimm,small outline dual in-line memory module
soa,service oriented architecture
soa,service-oriented architecture
soap,simple object access protocol
soap,symbolic optimal assembly program
soc,system-on-a-chip
soe,standard operating environment
soho,small office/home office
soi,silicon on insulator
sopa,stop online piracy act
sp,service pack
spa,single page application
sparc,scalable processor architecture
spf,sender policy framework
spi,serial peripheral interface
spi,stateful packet inspection
spm,software project management
spmd,single program multiple data
sql,structured query language
sql,structured query language
sram,static random access memory
sram,static random access memory
srgb,standard red green blue
ssa,static single assignment
ssd,software specification document
ssd,solid state drive
ssd,solid-state drive
ssdp,simple service discovery protocol
sse,streaming simd extensions
ssh,secure shell
ssh,secure shell
ssi,server side includes
ssi,single-system image
ssi,small-scale integration
ssid,service set identifier
ssid,service set identifier
ssl,secure socket layer
ssl,secure sockets layer
ssp,supplementary special-purpose plane
ssse,supplementary streaming simd extensions
sssp,single source shortest path
sstp,secure socket tunneling protocol
su,superuser
sus,single unix specification
suse,software und system-entwicklung
svc,scalable video coding
svd,structured vlsi design
svg,scalable vector graphics
svga,super video graphics array
swf,shock wave flash
swt,standard widget toolkit
sysop,system operator
tao,track-at-once
tapi,telephony application programming interface
tasm,turbo assembler
tb,terabyte
tcl,tool command language
tcp,transmission control protocol
tcp/ip,transmission control protocol/internet protocol
tcp/ip,transmission control protocol/internet protocol
tcu,telecommunication control unit
tdma,time-division multiple access
tft,thin-film transistor
tft,thin-film transistor
tftp,trivial file transfer protocol
ti,texas instruments
tif - image(tagged image file format),
tiff,tagged image file format
tla,three-letter acronym
tld,top-level domain
tls,thread-local storage
tls,transport layer security
tlv,type-length-value
tmp,temporary
tnc,terminal node controller
tnc,threaded neill-concelman connector
tpf,transaction processing facility
tpm,trusted platform module
troff,trace off
tron,the real-time operating system nucleus
tron,trace on
trsdos,tandy radio shack - disk operating system
tso,time sharing option
tsp,traveling salesman problem
tsr,terminate and stay resident
tta,true tap audio
ttf,truetype font
ttl,time to live
ttl,time to live (dns)
ttl,transistor-transistor logic
tts,text-to-speech
tty,teletype
tucows,the ultimate collection of winsock software
tug,tex users group
twain,technology without an interesting name
twain,toolkit without an informative name
uaag,user agent accessibility guidelines
uac,user account control
uart,universal asynchronous receiver/transmitter
uat,user acceptance testing
ucs,universal character set
uddi,universal description discovery and integration
uddi,universal description discovery and integration
udma,ultra dma
udp,user datagram protocol
udp,user datagram protocol
uefi,unified extensible firmware interface
uhf,ultra high frequency
ui,user interface
ul,upload
ula,uncommitted logic array
uma,upper memory area
umb,upper memory block
uml,unified modeling language
uml,unified modeling language
uml,user-mode linux
umpc,ultra-mobile personal computer
umts,universal mobile telecommunications system
unc,universal naming convention
unc,universal naming convention
univac,universal automatic computer (by mks)
upnp,universal plug and play
ups,uninterruptible power supply
ups,uninterruptible power supply
uri,uniform resource identifier
uri,uniform resource identifier
url,uniform resource locator
url,uniform resource locator
urn,uniform resource name
usb,universal serial bus
usb,universal serial bus
usr,u.s. robotics
usr,user
utc,coordinated universal time
utf,unicode transformation format
utp,unshielded twisted pair
utran,universal terrestrial radio access network
uucp,unix to unix copy
uuid,universally unique identifier
uun,universal user name
uvc,universal virtual computer
uwp,universal windows platform
ux,user experience
var,variable
vax,virtual address extension
vb,visual basic
vba,visual basic for applications
vbs,visual basic script
vci,virtual channel identifier
vcpi,virtual control program interface
vdi,virtual desktop infrastructure
vdm,virtual dos machine
vdsl,very high bitrate digital subscriber line
vdu,visual display unit
vesa,video electronics standards association
vfat,virtual fat
vfat,virtual file allocation table
vfs,virtual file system
vg,volume group
vga,video graphics array
vga,video graphics array
vhd ,virtual hard disk
vhf,very high frequency
vlan,virtual local area network
vlb,vesa local bus
vlb,vesa local bus
vle,virtual learning environment
vlf,very low frequency
vliw,very long instruction word
vlsi,very-large-scale integration
vlsm,variable length subnet mask
vm,virtual machine
vmm,virtual machine monitor
vnc,virtual network computing
vod,video on demand
voip,voice over internet protocol
voip,voice over internet protocol
vpi,virtual path identifier
vpn,virtual private network
vps,virtual private server
vpu,visual processing unit
vr,virtual reality
vram,video random access memory
vrml,virtual reality modeling language
vsam,virtual storage access method
vsat,very small aperture terminal
vt,video terminal?
vtam,virtual telecommunications access method
vtl,virtual tape library
w3c,world wide web consortium
wafs,wide area file services
wai,web accessibility initiative
wais,wide area information server
wan,wide area network
wap,wireless access point
wap,wireless application protocol
wasm,watcom assembler
wbem,web-based enterprise management
wcag,web content accessibility guidelines
wcf,windows communication foundation
wdm,wavelength-division multiplexing
webdav,www distributed authoring and versioning
wep,wired equivalent privacy
wep,wired equivalent privacy
wfi,wait for interrupt
wi-fi,wireless fidelity
wimax,worldwide interoperability for microwave access
winfs,windows future storage
winrt,windows runtime
wins,windows internet name service
wlan,wireless local area network
wma,windows media audio
wmi,windows management instrumentation
wmv,windows media video
wns,windows push notification service
wol,wake-on-lan
wor,wake-on-ring
wora,write once run anywhere
wore,write once run everywhere
wpa,wi-fi protected access
wpa,wi-fi protected access
wpad,web proxy autodiscovery protocol
wpan,wireless personal area network
wpf,windows presentation foundation
ws-d,web services-discovery
wsdl,web services description language
wsfl,web services flow language
wusb,wireless universal serial bus
wwan,wireless wide area network
wwdc,apple world wide developer conference
wwid,world wide identifier
wwn,world wide name
www,world wide web
www,world wide web
wysiwyg,what you see is what you get
wzc,wireless zero configuration
xag,xml accessibility guidelines
xaml,extensible application markup language
xcbl,xml common business library
xdm,x window display manager
xdmcp,x display manager control protocol
xhtml,extensible hypertext markup language
xhtml,extensible hypertext markup language
xilp,x interactive listproc
xml,extensible markup language
xml,extensible markup language
xmms,x multimedia system
xmpp,extensible messaging and presence protocol
xms,extended memory specification
xns,xerox network systems
xp,cross-platform
xp,extreme programming
xpcom,cross platform component object model
xpi,xpinstall
xpidl,cross-platform idl
xps,xml paper specification
xsd,xml schema definition
xsl,extensible stylesheet language
xsl-fo,extensible stylesheet language formatting objects
xslt,extensible style sheet language transformation
xslt,extensible stylesheet language transformations
xss,cross-site scripting
xtf,extended triton format
xtf,extensible tag framework
xul,xml user interface language
xvga,extended video graphics adapter
y2k,year two thousand
yaaf,yet another application framework
yacc,yet another compiler compiler
yaml,yaml ain't markup language
yast,yet another setup tool
zcav,zone constant angular velocity
zcs,zero code suppression
zif,zero insertion force
zif,zero insertion force
zifs,zero insertion force socket
zip,zip file archive
zisc,zero instruction set computer
zma,zone multicast address
zoi,zero one infinity
zope,z object publishing environment
zpl,z-level programming language
